{"val_loss": 0.8483336567878723, "val_MulticlassAccuracy": 0.5449115037918091, "val_MulticlassJaccardIndex": 0.37448686361312866, "epoch": 9, "trainer/global_step": 179, "_timestamp": 1714973488.0282607, "_runtime": 9534.605878591537, "_step": 12, "train_loss": 0.7865934371948242, "train_MulticlassAccuracy": 0.5823807716369629, "train_MulticlassJaccardIndex": 0.41081610321998596, "_wandb": {"runtime": 9536}}