{"val_loss": 0.8571528196334839, "val_MulticlassAccuracy": 0.5274770259857178, "val_MulticlassJaccardIndex": 0.3582131266593933, "epoch": 9, "trainer/global_step": 179, "_timestamp": 1715336422.0375974, "_runtime": 4744.07664847374, "_step": 12, "train_loss": 0.7058524489402771, "train_MulticlassAccuracy": 0.6207292675971985, "train_MulticlassJaccardIndex": 0.45004162192344666, "_wandb": {"runtime": 4745}}